id,q,r
1,"""abc""","""def"""
2,"""abc""","""def"""
3,"""abc""","""def"""
4,"""abc""","""def"""
5,"""abc""","""def"""
6,"""abc""","""def"""
7,"""abc""","""def"""
15,"""abc""","""def"""
16,"""abc""","""def"""
17,"""abc""","""def"""
18,"""abc""","""def"""
19,"""abc""","""def"""
20,"""abc""","""def"""
21,"""abc""","""def"""
22,"""abc""","""def"""
23,"""abc""","""def"""
24,"""abc""","""def"""
25,"""abc""","""def"""
26,"""abc""","""def"""
27,"""abc""","""def"""
28,"""abc""","""def"""
43,"""abc""","""def"""
44,"""abc""","""def"""
45,"""abc""","""def"""
46,"""abc""","""def"""
47,"""abc""","""def"""
48,"""abc""","""def"""
49,"""abc""","""def"""
50,"""abc""","""def"""
51,"""abc""","""def"""
52,"""abc""","""def"""
53,"""abc""","""def"""
54,"""abc""","""def"""
55,"""abc""","""def"""
56,"""abc""","""def"""
64,"""abc""","""def"""
65,"""abc""","""def"""
66,"""abc""","""def"""
67,"""abc""","""def"""
68,"""abc""","""def"""
69,"""abc""","""def"""
70,"""abc""","""def"""
71,"""abc""","""def"""
72,"""abc""","""def"""
73,"""abc""","""def"""
74,"""abc""","""def"""
75,"""abc""","""def"""
76,"""abc""","""def"""
77,"""abc""","""def"""
99,"""abc""","""def"""
100,"""abc""","""def"""
101,"""abc""","""def"""
102,"""abc""","""def"""
103,"""abc""","""def"""
104,"""abc""","""def"""
105,"""abc""","""def"""
113,"""abc""","""def"""
114,"""abc""","""def"""
115,"""abc""","""def"""
116,"""abc""","""def"""
117,"""abc""","""def"""
118,"""abc""","""def"""
119,"""abc""","""def"""
183,"""abc""","""def"""
184,"""abc""","""def"""
185,"""abc""","""def"""
186,"""abc""","""def"""
187,"""abc""","""def"""
188,"""abc""","""def"""
189,"""abc""","""def"""
232,"""abc""","""def"""
233,"""abc""","""def"""
234,"""abc""","""def"""
235,"""abc""","""def"""
236,"""abc""","""def"""
237,"""abc""","""def"""
238,"""abc""","""def"""
253,"""abc""","""def"""
254,"""abc""","""def"""
255,"""abc""","""def"""
256,"""abc""","""def"""
257,"""abc""","""def"""
258,"""abc""","""def"""
259,"""abc""","""def"""
274,"""abc""","""def"""
275,"""abc""","""def"""
276,"""abc""","""def"""
277,"""abc""","""def"""
278,"""abc""","""def"""
279,"""abc""","""def"""
280,"""abc""","""def"""
302,"""abc""","""def"""
303,"""abc""","""def"""
304,"""abc""","""def"""
305,"""abc""","""def"""
306,"""abc""","""def"""
307,"""abc""","""def"""
308,"""abc""","""def"""
323,"""abc""","""def"""
324,"""abc""","""def"""
325,"""abc""","""def"""
326,"""abc""","""def"""
327,"""abc""","""def"""
328,"""abc""","""def"""
329,"""abc""","""def"""
337,"""abc""","""def"""
338,"""abc""","""def"""
339,"""abc""","""def"""
340,"""abc""","""def"""
341,"""abc""","""def"""
342,"""abc""","""def"""
343,"""abc""","""def"""
351,"""abc""","""def"""
352,"""abc""","""def"""
353,"""abc""","""def"""
354,"""abc""","""def"""
355,"""abc""","""def"""
356,"""abc""","""def"""
357,"""abc""","""def"""
386,"""abc""","""def"""
387,"""abc""","""def"""
388,"""abc""","""def"""
389,"""abc""","""def"""
390,"""abc""","""def"""
391,"""abc""","""def"""
392,"""abc""","""def"""
463,"""abc""","""def"""
464,"""abc""","""def"""
465,"""abc""","""def"""
466,"""abc""","""def"""
467,"""abc""","""def"""
468,"""abc""","""def"""
469,"""abc""","""def"""
470,"""abc""","""def"""
471,"""abc""","""def"""
472,"""abc""","""def"""
473,"""abc""","""def"""
474,"""abc""","""def"""
475,"""abc""","""def"""
476,"""abc""","""def"""
554,"""abc""","""def"""
555,"""abc""","""def"""
556,"""abc""","""def"""
557,"""abc""","""def"""
558,"""abc""","""def"""
559,"""abc""","""def"""
560,"""abc""","""def"""
666,"""abc""","""def"""
667,"""abc""","""def"""
668,"""abc""","""def"""
669,"""abc""","""def"""
670,"""abc""","""def"""
671,"""abc""","""def"""
672,"""abc""","""def"""
729,"""abc""","""def"""
730,"""abc""","""def"""
731,"""abc""","""def"""
732,"""abc""","""def"""
733,"""abc""","""def"""
734,"""abc""","""def"""
735,"""abc""","""def"""
757,"""abc""","""def"""
758,"""abc""","""def"""
759,"""abc""","""def"""
760,"""abc""","""def"""
761,"""abc""","""def"""
762,"""abc""","""def"""
763,"""abc""","""def"""
785,"""abc""","""def"""
786,"""abc""","""def"""
787,"""abc""","""def"""
788,"""abc""","""def"""
789,"""abc""","""def"""
790,"""abc""","""def"""
791,"""abc""","""def"""
820,"""abc""","""def"""
821,"""abc""","""def"""
822,"""abc""","""def"""
823,"""abc""","""def"""
824,"""abc""","""def"""
825,"""abc""","""def"""
826,"""abc""","""def"""
841,"""abc""","""def"""
842,"""abc""","""def"""
843,"""abc""","""def"""
844,"""abc""","""def"""
845,"""abc""","""def"""
846,"""abc""","""def"""
847,"""abc""","""def"""
883,"""abc""","""def"""
884,"""abc""","""def"""
885,"""abc""","""def"""
886,"""abc""","""def"""
887,"""abc""","""def"""
888,"""abc""","""def"""
889,"""abc""","""def"""
960,"""abc""","""def"""
961,"""abc""","""def"""
962,"""abc""","""def"""
963,"""abc""","""def"""
964,"""abc""","""def"""
965,"""abc""","""def"""
966,"""abc""","""def"""
1016,"""abc""","""def"""
1017,"""abc""","""def"""
1018,"""abc""","""def"""
1019,"""abc""","""def"""
1020,"""abc""","""def"""
1021,"""abc""","""def"""
1022,"""abc""","""def"""
1156,"""abc""","""def"""
1157,"""abc""","""def"""
1158,"""abc""","""def"""
1159,"""abc""","""def"""
1160,"""abc""","""def"""
1161,"""abc""","""def"""
1162,"""abc""","""def"""
1170,"""abc""","""def"""
1171,"""abc""","""def"""
1172,"""abc""","""def"""
1173,"""abc""","""def"""
1174,"""abc""","""def"""
1175,"""abc""","""def"""
1176,"""abc""","""def"""
1289,"""abc""","""def"""
1290,"""abc""","""def"""
1291,"""abc""","""def"""
1292,"""abc""","""def"""
1293,"""abc""","""def"""
1294,"""abc""","""def"""
1295,"""abc""","""def"""
1359,"""abc""","""def"""
1360,"""abc""","""def"""
1361,"""abc""","""def"""
1362,"""abc""","""def"""
1363,"""abc""","""def"""
1364,"""abc""","""def"""
1365,"""abc""","""def"""
1387,"""abc""","""def"""
1388,"""abc""","""def"""
1389,"""abc""","""def"""
1390,"""abc""","""def"""
1391,"""abc""","""def"""
1392,"""abc""","""def"""
1393,"""abc""","""def"""
1401,"""abc""","""def"""
1402,"""abc""","""def"""
1403,"""abc""","""def"""
1404,"""abc""","""def"""
1405,"""abc""","""def"""
1406,"""abc""","""def"""
1407,"""abc""","""def"""
1408,"""abc""","""def"""
1409,"""abc""","""def"""
1410,"""abc""","""def"""
1411,"""abc""","""def"""
1412,"""abc""","""def"""
1413,"""abc""","""def"""
1414,"""abc""","""def"""
1415,"""abc""","""def"""
1416,"""abc""","""def"""
1417,"""abc""","""def"""
1418,"""abc""","""def"""
1419,"""abc""","""def"""
1420,"""abc""","""def"""
1421,"""abc""","""def"""
1450,"""abc""","""def"""
1451,"""abc""","""def"""
1452,"""abc""","""def"""
1453,"""abc""","""def"""
1454,"""abc""","""def"""
1455,"""abc""","""def"""
1456,"""abc""","""def"""
1506,"""abc""","""def"""
1507,"""abc""","""def"""
1508,"""abc""","""def"""
1509,"""abc""","""def"""
1510,"""abc""","""def"""
1511,"""abc""","""def"""
1512,"""abc""","""def"""
1618,"""abc""","""def"""
1619,"""abc""","""def"""
1620,"""abc""","""def"""
1621,"""abc""","""def"""
1622,"""abc""","""def"""
1623,"""abc""","""def"""
1624,"""abc""","""def"""
1667,"""abc""","""def"""
1668,"""abc""","""def"""
1669,"""abc""","""def"""
1670,"""abc""","""def"""
1671,"""abc""","""def"""
1672,"""abc""","""def"""
1673,"""abc""","""def"""
1688,"""abc""","""def"""
1689,"""abc""","""def"""
1690,"""abc""","""def"""
1691,"""abc""","""def"""
1692,"""abc""","""def"""
1693,"""abc""","""def"""
1694,"""abc""","""def"""
1695,"""abc""","""def"""
1696,"""abc""","""def"""
1697,"""abc""","""def"""
1698,"""abc""","""def"""
1699,"""abc""","""def"""
1700,"""abc""","""def"""
1701,"""abc""","""def"""
1716,"""abc""","""def"""
1717,"""abc""","""def"""
1718,"""abc""","""def"""
1719,"""abc""","""def"""
1720,"""abc""","""def"""
1721,"""abc""","""def"""
1722,"""abc""","""def"""
1723,"""abc""","""def"""
1724,"""abc""","""def"""
1725,"""abc""","""def"""
1726,"""abc""","""def"""
1727,"""abc""","""def"""
1728,"""abc""","""def"""
1729,"""abc""","""def"""
1758,"""abc""","""def"""
1759,"""abc""","""def"""
1760,"""abc""","""def"""
1761,"""abc""","""def"""
1762,"""abc""","""def"""
1763,"""abc""","""def"""
1764,"""abc""","""def"""
1779,"""abc""","""def"""
1780,"""abc""","""def"""
1781,"""abc""","""def"""
1782,"""abc""","""def"""
1783,"""abc""","""def"""
1784,"""abc""","""def"""
1785,"""abc""","""def"""
1856,"""abc""","""def"""
1857,"""abc""","""def"""
1858,"""abc""","""def"""
1859,"""abc""","""def"""
1860,"""abc""","""def"""
1861,"""abc""","""def"""
1862,"""abc""","""def"""
1898,"""abc""","""def"""
1899,"""abc""","""def"""
1900,"""abc""","""def"""
1901,"""abc""","""def"""
1902,"""abc""","""def"""
1903,"""abc""","""def"""
1904,"""abc""","""def"""
1933,"""abc""","""def"""
1934,"""abc""","""def"""
1935,"""abc""","""def"""
1936,"""abc""","""def"""
1937,"""abc""","""def"""
1938,"""abc""","""def"""
1939,"""abc""","""def"""
1982,"""abc""","""def"""
1983,"""abc""","""def"""
1984,"""abc""","""def"""
1985,"""abc""","""def"""
1986,"""abc""","""def"""
1987,"""abc""","""def"""
1988,"""abc""","""def"""
2045,"""abc""","""def"""
2046,"""abc""","""def"""
2047,"""abc""","""def"""
2048,"""abc""","""def"""
2049,"""abc""","""def"""
2050,"""abc""","""def"""
2051,"""abc""","""def"""
2066,"""abc""","""def"""
2067,"""abc""","""def"""
2068,"""abc""","""def"""
2069,"""abc""","""def"""
2070,"""abc""","""def"""
2071,"""abc""","""def"""
2072,"""abc""","""def"""
2157,"""abc""","""def"""
2158,"""abc""","""def"""
2159,"""abc""","""def"""
2160,"""abc""","""def"""
2161,"""abc""","""def"""
2162,"""abc""","""def"""
2163,"""abc""","""def"""
2199,"""abc""","""def"""
2200,"""abc""","""def"""
2201,"""abc""","""def"""
2202,"""abc""","""def"""
2203,"""abc""","""def"""
2204,"""abc""","""def"""
2205,"""abc""","""def"""
2227,"""abc""","""def"""
2228,"""abc""","""def"""
2229,"""abc""","""def"""
2230,"""abc""","""def"""
2231,"""abc""","""def"""
2232,"""abc""","""def"""
2233,"""abc""","""def"""
2241,"""abc""","""def"""
2242,"""abc""","""def"""
2243,"""abc""","""def"""
2244,"""abc""","""def"""
2245,"""abc""","""def"""
2246,"""abc""","""def"""
2247,"""abc""","""def"""
2269,"""abc""","""def"""
2270,"""abc""","""def"""
2271,"""abc""","""def"""
2272,"""abc""","""def"""
2273,"""abc""","""def"""
2274,"""abc""","""def"""
2275,"""abc""","""def"""
2276,"""abc""","""def"""
2277,"""abc""","""def"""
2278,"""abc""","""def"""
2279,"""abc""","""def"""
2280,"""abc""","""def"""
2281,"""abc""","""def"""
2282,"""abc""","""def"""
2395,"""abc""","""def"""
2396,"""abc""","""def"""
2397,"""abc""","""def"""
2398,"""abc""","""def"""
2399,"""abc""","""def"""
2400,"""abc""","""def"""
2401,"""abc""","""def"""
2493,"""abc""","""def"""
2494,"""abc""","""def"""
2495,"""abc""","""def"""
2496,"""abc""","""def"""
2497,"""abc""","""def"""
2498,"""abc""","""def"""
2499,"""abc""","""def"""
2514,"""abc""","""def"""
2515,"""abc""","""def"""
2516,"""abc""","""def"""
2517,"""abc""","""def"""
2518,"""abc""","""def"""
2519,"""abc""","""def"""
2520,"""abc""","""def"""
2556,"""abc""","""def"""
2557,"""abc""","""def"""
2558,"""abc""","""def"""
2559,"""abc""","""def"""
2560,"""abc""","""def"""
2561,"""abc""","""def"""
2562,"""abc""","""def"""
2563,"""abc""","""def"""
2564,"""abc""","""def"""
2565,"""abc""","""def"""
2566,"""abc""","""def"""
2567,"""abc""","""def"""
2568,"""abc""","""def"""
2569,"""abc""","""def"""
2584,"""abc""","""def"""
2585,"""abc""","""def"""
2586,"""abc""","""def"""
2587,"""abc""","""def"""
2588,"""abc""","""def"""
2589,"""abc""","""def"""
2590,"""abc""","""def"""
2640,"""abc""","""def"""
2641,"""abc""","""def"""
2642,"""abc""","""def"""
2643,"""abc""","""def"""
2644,"""abc""","""def"""
2645,"""abc""","""def"""
2646,"""abc""","""def"""
2668,"""abc""","""def"""
2669,"""abc""","""def"""
2670,"""abc""","""def"""
2671,"""abc""","""def"""
2672,"""abc""","""def"""
2673,"""abc""","""def"""
2674,"""abc""","""def"""
2682,"""abc""","""def"""
2683,"""abc""","""def"""
2684,"""abc""","""def"""
2685,"""abc""","""def"""
2686,"""abc""","""def"""
2687,"""abc""","""def"""
2688,"""abc""","""def"""
2787,"""abc""","""def"""
2788,"""abc""","""def"""
2789,"""abc""","""def"""
2790,"""abc""","""def"""
2791,"""abc""","""def"""
2792,"""abc""","""def"""
2793,"""abc""","""def"""
2829,"""abc""","""def"""
2830,"""abc""","""def"""
2831,"""abc""","""def"""
2832,"""abc""","""def"""
2833,"""abc""","""def"""
2834,"""abc""","""def"""
2835,"""abc""","""def"""
2836,"""abc""","""def"""
2837,"""abc""","""def"""
2838,"""abc""","""def"""
2839,"""abc""","""def"""
2840,"""abc""","""def"""
2841,"""abc""","""def"""
2842,"""abc""","""def"""
2857,"""abc""","""def"""
2858,"""abc""","""def"""
2859,"""abc""","""def"""
2860,"""abc""","""def"""
2861,"""abc""","""def"""
2862,"""abc""","""def"""
2863,"""abc""","""def"""
2864,"""abc""","""def"""
2865,"""abc""","""def"""
2866,"""abc""","""def"""
2867,"""abc""","""def"""
2868,"""abc""","""def"""
2869,"""abc""","""def"""
2870,"""abc""","""def"""
2892,"""abc""","""def"""
2893,"""abc""","""def"""
2894,"""abc""","""def"""
2895,"""abc""","""def"""
2896,"""abc""","""def"""
2897,"""abc""","""def"""
2898,"""abc""","""def"""
2948,"""abc""","""def"""
2949,"""abc""","""def"""
2950,"""abc""","""def"""
2951,"""abc""","""def"""
2952,"""abc""","""def"""
2953,"""abc""","""def"""
2954,"""abc""","""def"""
2976,"""abc""","""def"""
2977,"""abc""","""def"""
2978,"""abc""","""def"""
2979,"""abc""","""def"""
2980,"""abc""","""def"""
2981,"""abc""","""def"""
2982,"""abc""","""def"""
3088,"""abc""","""def"""
3089,"""abc""","""def"""
3090,"""abc""","""def"""
3091,"""abc""","""def"""
3092,"""abc""","""def"""
3093,"""abc""","""def"""
3094,"""abc""","""def"""
3158,"""abc""","""def"""
3159,"""abc""","""def"""
3160,"""abc""","""def"""
3161,"""abc""","""def"""
3162,"""abc""","""def"""
3163,"""abc""","""def"""
3164,"""abc""","""def"""
3165,"""abc""","""def"""
3166,"""abc""","""def"""
3167,"""abc""","""def"""
3168,"""abc""","""def"""
3169,"""abc""","""def"""
3170,"""abc""","""def"""
3171,"""abc""","""def"""
3207,"""abc""","""def"""
3208,"""abc""","""def"""
3209,"""abc""","""def"""
3210,"""abc""","""def"""
3211,"""abc""","""def"""
3212,"""abc""","""def"""
3213,"""abc""","""def"""
3256,"""abc""","""def"""
3257,"""abc""","""def"""
3258,"""abc""","""def"""
3259,"""abc""","""def"""
3260,"""abc""","""def"""
3261,"""abc""","""def"""
3262,"""abc""","""def"""
3284,"""abc""","""def"""
3285,"""abc""","""def"""
3286,"""abc""","""def"""
3287,"""abc""","""def"""
3288,"""abc""","""def"""
3289,"""abc""","""def"""
3290,"""abc""","""def"""
3340,"""abc""","""def"""
3341,"""abc""","""def"""
3342,"""abc""","""def"""
3343,"""abc""","""def"""
3344,"""abc""","""def"""
3345,"""abc""","""def"""
3346,"""abc""","""def"""
3347,"""abc""","""def"""
3348,"""abc""","""def"""
3349,"""abc""","""def"""
3350,"""abc""","""def"""
3351,"""abc""","""def"""
3352,"""abc""","""def"""
3353,"""abc""","""def"""
3403,"""abc""","""def"""
3404,"""abc""","""def"""
3405,"""abc""","""def"""
3406,"""abc""","""def"""
3407,"""abc""","""def"""
3408,"""abc""","""def"""
3409,"""abc""","""def"""
3501,"""abc""","""def"""
3502,"""abc""","""def"""
3503,"""abc""","""def"""
3504,"""abc""","""def"""
3505,"""abc""","""def"""
3506,"""abc""","""def"""
3507,"""abc""","""def"""
3536,"""abc""","""def"""
3537,"""abc""","""def"""
3538,"""abc""","""def"""
3539,"""abc""","""def"""
3540,"""abc""","""def"""
3541,"""abc""","""def"""
3542,"""abc""","""def"""
3564,"""abc""","""def"""
3565,"""abc""","""def"""
3566,"""abc""","""def"""
3567,"""abc""","""def"""
3568,"""abc""","""def"""
3569,"""abc""","""def"""
3570,"""abc""","""def"""
3571,"""abc""","""def"""
3572,"""abc""","""def"""
3573,"""abc""","""def"""
3574,"""abc""","""def"""
3575,"""abc""","""def"""
3576,"""abc""","""def"""
3577,"""abc""","""def"""
3606,"""abc""","""def"""
3607,"""abc""","""def"""
3608,"""abc""","""def"""
3609,"""abc""","""def"""
3610,"""abc""","""def"""
3611,"""abc""","""def"""
3612,"""abc""","""def"""
3613,"""abc""","""def"""
3614,"""abc""","""def"""
3615,"""abc""","""def"""
3616,"""abc""","""def"""
3617,"""abc""","""def"""
3618,"""abc""","""def"""
3619,"""abc""","""def"""
3620,"""abc""","""def"""
3621,"""abc""","""def"""
3622,"""abc""","""def"""
3623,"""abc""","""def"""
3624,"""abc""","""def"""
3625,"""abc""","""def"""
3626,"""abc""","""def"""
3641,"""abc""","""def"""
3642,"""abc""","""def"""
3643,"""abc""","""def"""
3644,"""abc""","""def"""
3645,"""abc""","""def"""
3646,"""abc""","""def"""
3647,"""abc""","""def"""
3648,"""abc""","""def"""
3649,"""abc""","""def"""
3650,"""abc""","""def"""
3651,"""abc""","""def"""
3652,"""abc""","""def"""
3653,"""abc""","""def"""
3654,"""abc""","""def"""
3662,"""abc""","""def"""
3663,"""abc""","""def"""
3664,"""abc""","""def"""
3665,"""abc""","""def"""
3666,"""abc""","""def"""
3667,"""abc""","""def"""
3668,"""abc""","""def"""
3669,"""abc""","""def"""
3670,"""abc""","""def"""
3671,"""abc""","""def"""
3672,"""abc""","""def"""
3673,"""abc""","""def"""
3674,"""abc""","""def"""
3675,"""abc""","""def"""
3676,"""abc""","""def"""
3677,"""abc""","""def"""
3678,"""abc""","""def"""
3679,"""abc""","""def"""
3680,"""abc""","""def"""
3681,"""abc""","""def"""
3682,"""abc""","""def"""
3683,"""abc""","""def"""
3684,"""abc""","""def"""
3685,"""abc""","""def"""
3686,"""abc""","""def"""
3687,"""abc""","""def"""
3688,"""abc""","""def"""
3689,"""abc""","""def"""
3690,"""abc""","""def"""
3691,"""abc""","""def"""
3692,"""abc""","""def"""
3693,"""abc""","""def"""
3694,"""abc""","""def"""
3695,"""abc""","""def"""
3696,"""abc""","""def"""
3711,"""abc""","""def"""
3712,"""abc""","""def"""
3713,"""abc""","""def"""
3714,"""abc""","""def"""
3715,"""abc""","""def"""
3716,"""abc""","""def"""
3717,"""abc""","""def"""
3753,"""abc""","""def"""
3754,"""abc""","""def"""
3755,"""abc""","""def"""
3756,"""abc""","""def"""
3757,"""abc""","""def"""
3758,"""abc""","""def"""
3759,"""abc""","""def"""
3760,"""abc""","""def"""
3761,"""abc""","""def"""
3762,"""abc""","""def"""
3763,"""abc""","""def"""
3764,"""abc""","""def"""
3765,"""abc""","""def"""
3766,"""abc""","""def"""
3767,"""abc""","""def"""
3768,"""abc""","""def"""
3769,"""abc""","""def"""
3770,"""abc""","""def"""
3771,"""abc""","""def"""
3772,"""abc""","""def"""
3773,"""abc""","""def"""
3788,"""abc""","""def"""
3789,"""abc""","""def"""
3790,"""abc""","""def"""
3791,"""abc""","""def"""
3792,"""abc""","""def"""
3793,"""abc""","""def"""
3794,"""abc""","""def"""
3802,"""abc""","""def"""
3803,"""abc""","""def"""
3804,"""abc""","""def"""
3805,"""abc""","""def"""
3806,"""abc""","""def"""
3807,"""abc""","""def"""
3808,"""abc""","""def"""
3809,"""abc""","""def"""
3810,"""abc""","""def"""
3811,"""abc""","""def"""
3812,"""abc""","""def"""
3813,"""abc""","""def"""
3814,"""abc""","""def"""
3815,"""abc""","""def"""
3816,"""abc""","""def"""
3817,"""abc""","""def"""
3818,"""abc""","""def"""
3819,"""abc""","""def"""
3820,"""abc""","""def"""
3821,"""abc""","""def"""
3822,"""abc""","""def"""
3844,"""abc""","""def"""
3845,"""abc""","""def"""
3846,"""abc""","""def"""
3847,"""abc""","""def"""
3848,"""abc""","""def"""
3849,"""abc""","""def"""
3850,"""abc""","""def"""
3851,"""abc""","""def"""
3852,"""abc""","""def"""
3853,"""abc""","""def"""
3854,"""abc""","""def"""
3855,"""abc""","""def"""
3856,"""abc""","""def"""
3857,"""abc""","""def"""
3858,"""abc""","""def"""
3859,"""abc""","""def"""
3860,"""abc""","""def"""
3861,"""abc""","""def"""
3862,"""abc""","""def"""
3863,"""abc""","""def"""
3864,"""abc""","""def"""
3872,"""abc""","""def"""
3873,"""abc""","""def"""
3874,"""abc""","""def"""
3875,"""abc""","""def"""
3876,"""abc""","""def"""
3877,"""abc""","""def"""
3878,"""abc""","""def"""
3886,"""abc""","""def"""
3887,"""abc""","""def"""
3888,"""abc""","""def"""
3889,"""abc""","""def"""
3891,"""abc""","""def"""
3892,"""abc""","""def"""
3935,"""abc""","""def"""
3936,"""abc""","""def"""
3937,"""abc""","""def"""
3938,"""abc""","""def"""
3939,"""abc""","""def"""
3940,"""abc""","""def"""
3941,"""abc""","""def"""
3977,"""abc""","""def"""
3978,"""abc""","""def"""
3979,"""abc""","""def"""
3980,"""abc""","""def"""
3981,"""abc""","""def"""
3982,"""abc""","""def"""
3983,"""abc""","""def"""
3991,"""abc""","""def"""
3992,"""abc""","""def"""
3993,"""abc""","""def"""
3994,"""abc""","""def"""
3995,"""abc""","""def"""
3996,"""abc""","""def"""
3997,"""abc""","""def"""
4026,"""abc""","""def"""
4027,"""abc""","""def"""
4028,"""abc""","""def"""
4029,"""abc""","""def"""
4030,"""abc""","""def"""
4031,"""abc""","""def"""
4032,"""abc""","""def"""
4040,"""abc""","""def"""
4041,"""abc""","""def"""
4042,"""abc""","""def"""
4043,"""abc""","""def"""
4044,"""abc""","""def"""
4045,"""abc""","""def"""
4046,"""abc""","""def"""
4054,"""abc""","""def"""
4055,"""abc""","""def"""
4056,"""abc""","""def"""
4057,"""abc""","""def"""
4058,"""abc""","""def"""
4059,"""abc""","""def"""
4060,"""abc""","""def"""
4061,"""abc""","""def"""
4062,"""abc""","""def"""
4063,"""abc""","""def"""
4064,"""abc""","""def"""
4065,"""abc""","""def"""
4066,"""abc""","""def"""
4067,"""abc""","""def"""
4068,"""abc""","""def"""
4069,"""abc""","""def"""
4070,"""abc""","""def"""
4071,"""abc""","""def"""
4072,"""abc""","""def"""
4073,"""abc""","""def"""
4074,"""abc""","""def"""
4110,"""abc""","""def"""
4111,"""abc""","""def"""
4112,"""abc""","""def"""
4113,"""abc""","""def"""
4114,"""abc""","""def"""
4115,"""abc""","""def"""
4116,"""abc""","""def"""
4138,"""abc""","""def"""
4139,"""abc""","""def"""
4140,"""abc""","""def"""
4141,"""abc""","""def"""
4142,"""abc""","""def"""
4143,"""abc""","""def"""
4144,"""abc""","""def"""
4159,"""abc""","""def"""
4160,"""abc""","""def"""
4161,"""abc""","""def"""
4162,"""abc""","""def"""
4163,"""abc""","""def"""
4164,"""abc""","""def"""
4165,"""abc""","""def"""
4166,"""abc""","""def"""
4167,"""abc""","""def"""
4168,"""abc""","""def"""
4169,"""abc""","""def"""
4170,"""abc""","""def"""
4171,"""abc""","""def"""
4172,"""abc""","""def"""
4180,"""abc""","""def"""
4181,"""abc""","""def"""
4182,"""abc""","""def"""
4183,"""abc""","""def"""
4184,"""abc""","""def"""
4185,"""abc""","""def"""
4186,"""abc""","""def"""
4187,"""abc""","""def"""
4188,"""abc""","""def"""
4189,"""abc""","""def"""
4190,"""abc""","""def"""
4191,"""abc""","""def"""
4192,"""abc""","""def"""
4193,"""abc""","""def"""
4208,"""abc""","""def"""
4209,"""abc""","""def"""
4210,"""abc""","""def"""
4211,"""abc""","""def"""
4212,"""abc""","""def"""
4213,"""abc""","""def"""
4214,"""abc""","""def"""
4271,"""abc""","""def"""
4272,"""abc""","""def"""
4273,"""abc""","""def"""
4274,"""abc""","""def"""
4275,"""abc""","""def"""
4276,"""abc""","""def"""
4277,"""abc""","""def"""
4285,"""abc""","""def"""
4286,"""abc""","""def"""
4287,"""abc""","""def"""
4288,"""abc""","""def"""
4289,"""abc""","""def"""
4290,"""abc""","""def"""
4291,"""abc""","""def"""
4334,"""abc""","""def"""
4335,"""abc""","""def"""
4336,"""abc""","""def"""
4337,"""abc""","""def"""
4338,"""abc""","""def"""
4339,"""abc""","""def"""
4340,"""abc""","""def"""
4418,"""abc""","""def"""
4419,"""abc""","""def"""
4420,"""abc""","""def"""
4421,"""abc""","""def"""
4422,"""abc""","""def"""
4423,"""abc""","""def"""
4424,"""abc""","""def"""
4474,"""abc""","""def"""
4475,"""abc""","""def"""
4476,"""abc""","""def"""
4477,"""abc""","""def"""
4478,"""abc""","""def"""
4479,"""abc""","""def"""
4480,"""abc""","""def"""
4481,"""abc""","""def"""
4482,"""abc""","""def"""
4483,"""abc""","""def"""
4484,"""abc""","""def"""
4485,"""abc""","""def"""
4486,"""abc""","""def"""
4487,"""abc""","""def"""
4488,"""abc""","""def"""
4489,"""abc""","""def"""
4490,"""abc""","""def"""
4491,"""abc""","""def"""
4492,"""abc""","""def"""
4493,"""abc""","""def"""
4494,"""abc""","""def"""
4502,"""abc""","""def"""
4503,"""abc""","""def"""
4504,"""abc""","""def"""
4505,"""abc""","""def"""
4506,"""abc""","""def"""
4507,"""abc""","""def"""
4508,"""abc""","""def"""
4558,"""abc""","""def"""
4559,"""abc""","""def"""
4560,"""abc""","""def"""
4561,"""abc""","""def"""
4562,"""abc""","""def"""
4563,"""abc""","""def"""
4564,"""abc""","""def"""
4607,"""abc""","""def"""
4608,"""abc""","""def"""
4609,"""abc""","""def"""
4610,"""abc""","""def"""
4611,"""abc""","""def"""
4612,"""abc""","""def"""
4613,"""abc""","""def"""
4649,"""abc""","""def"""
4650,"""abc""","""def"""
4651,"""abc""","""def"""
4652,"""abc""","""def"""
4653,"""abc""","""def"""
4654,"""abc""","""def"""
4655,"""abc""","""def"""
4712,"""abc""","""def"""
4713,"""abc""","""def"""
4714,"""abc""","""def"""
4715,"""abc""","""def"""
4716,"""abc""","""def"""
4717,"""abc""","""def"""
4718,"""abc""","""def"""
4733,"""abc""","""def"""
4734,"""abc""","""def"""
4735,"""abc""","""def"""
4736,"""abc""","""def"""
4737,"""abc""","""def"""
4738,"""abc""","""def"""
4739,"""abc""","""def"""
4754,"""abc""","""def"""
4755,"""abc""","""def"""
4756,"""abc""","""def"""
4757,"""abc""","""def"""
4758,"""abc""","""def"""
4759,"""abc""","""def"""
4760,"""abc""","""def"""
4761,"""abc""","""def"""
4762,"""abc""","""def"""
4763,"""abc""","""def"""
4764,"""abc""","""def"""
4765,"""abc""","""def"""
4766,"""abc""","""def"""
4767,"""abc""","""def"""
4789,"""abc""","""def"""
4790,"""abc""","""def"""
4791,"""abc""","""def"""
4792,"""abc""","""def"""
4793,"""abc""","""def"""
4794,"""abc""","""def"""
4795,"""abc""","""def"""
4866,"""abc""","""def"""
4867,"""abc""","""def"""
4868,"""abc""","""def"""
4869,"""abc""","""def"""
4870,"""abc""","""def"""
4871,"""abc""","""def"""
4872,"""abc""","""def"""
4894,"""abc""","""def"""
4895,"""abc""","""def"""
4896,"""abc""","""def"""
4897,"""abc""","""def"""
4898,"""abc""","""def"""
4899,"""abc""","""def"""
4900,"""abc""","""def"""
4922,"""abc""","""def"""
4923,"""abc""","""def"""
4924,"""abc""","""def"""
4925,"""abc""","""def"""
4926,"""abc""","""def"""
4927,"""abc""","""def"""
4928,"""abc""","""def"""
4992,"""abc""","""def"""
4993,"""abc""","""def"""
4994,"""abc""","""def"""
4995,"""abc""","""def"""
4996,"""abc""","""def"""
4997,"""abc""","""def"""
4998,"""abc""","""def"""
5062,"""abc""","""def"""
5063,"""abc""","""def"""
5064,"""abc""","""def"""
5065,"""abc""","""def"""
5066,"""abc""","""def"""
5067,"""abc""","""def"""
5068,"""abc""","""def"""
5223,"""abc""","""def"""
5224,"""abc""","""def"""
5225,"""abc""","""def"""
5226,"""abc""","""def"""
5227,"""abc""","""def"""
5228,"""abc""","""def"""
5229,"""abc""","""def"""
5349,"""abc""","""def"""
5350,"""abc""","""def"""
5351,"""abc""","""def"""
5352,"""abc""","""def"""
5353,"""abc""","""def"""
5354,"""abc""","""def"""
5355,"""abc""","""def"""
5433,"""abc""","""def"""
5434,"""abc""","""def"""
5435,"""abc""","""def"""
5436,"""abc""","""def"""
5437,"""abc""","""def"""
5438,"""abc""","""def"""
5439,"""abc""","""def"""
5454,"""abc""","""def"""
5455,"""abc""","""def"""
5456,"""abc""","""def"""
5457,"""abc""","""def"""
5458,"""abc""","""def"""
5459,"""abc""","""def"""
5460,"""abc""","""def"""
5503,"""abc""","""def"""
5504,"""abc""","""def"""
5505,"""abc""","""def"""
5506,"""abc""","""def"""
5507,"""abc""","""def"""
5508,"""abc""","""def"""
5509,"""abc""","""def"""
5545,"""abc""","""def"""
5546,"""abc""","""def"""
5547,"""abc""","""def"""
5548,"""abc""","""def"""
5549,"""abc""","""def"""
5550,"""abc""","""def"""
5551,"""abc""","""def"""
5608,"""abc""","""def"""
5609,"""abc""","""def"""
5610,"""abc""","""def"""
5611,"""abc""","""def"""
5612,"""abc""","""def"""
5613,"""abc""","""def"""
5614,"""abc""","""def"""
5650,"""abc""","""def"""
5651,"""abc""","""def"""
5652,"""abc""","""def"""
5653,"""abc""","""def"""
5654,"""abc""","""def"""
5655,"""abc""","""def"""
5656,"""abc""","""def"""
5706,"""abc""","""def"""
5707,"""abc""","""def"""
5708,"""abc""","""def"""
5709,"""abc""","""def"""
5710,"""abc""","""def"""
5711,"""abc""","""def"""
5712,"""abc""","""def"""
5720,"""abc""","""def"""
5721,"""abc""","""def"""
5722,"""abc""","""def"""
5723,"""abc""","""def"""
5724,"""abc""","""def"""
5725,"""abc""","""def"""
5726,"""abc""","""def"""
5734,"""abc""","""def"""
5735,"""abc""","""def"""
5736,"""abc""","""def"""
5737,"""abc""","""def"""
5738,"""abc""","""def"""
5739,"""abc""","""def"""
5740,"""abc""","""def"""
5762,"""abc""","""def"""
5763,"""abc""","""def"""
5764,"""abc""","""def"""
5765,"""abc""","""def"""
5766,"""abc""","""def"""
5767,"""abc""","""def"""
5768,"""abc""","""def"""
5804,"""abc""","""def"""
5805,"""abc""","""def"""
5806,"""abc""","""def"""
5807,"""abc""","""def"""
5808,"""abc""","""def"""
5809,"""abc""","""def"""
5810,"""abc""","""def"""
5825,"""abc""","""def"""
5826,"""abc""","""def"""
5827,"""abc""","""def"""
5828,"""abc""","""def"""
5829,"""abc""","""def"""
5830,"""abc""","""def"""
5831,"""abc""","""def"""
5839,"""abc""","""def"""
5840,"""abc""","""def"""
5841,"""abc""","""def"""
5842,"""abc""","""def"""
5843,"""abc""","""def"""
5844,"""abc""","""def"""
5845,"""abc""","""def"""
5867,"""abc""","""def"""
5868,"""abc""","""def"""
5869,"""abc""","""def"""
5870,"""abc""","""def"""
5871,"""abc""","""def"""
5872,"""abc""","""def"""
5873,"""abc""","""def"""
5874,"""abc""","""def"""
5875,"""abc""","""def"""
5876,"""abc""","""def"""
5877,"""abc""","""def"""
5878,"""abc""","""def"""
5879,"""abc""","""def"""
5880,"""abc""","""def"""
5895,"""abc""","""def"""
5896,"""abc""","""def"""
5897,"""abc""","""def"""
5898,"""abc""","""def"""
5899,"""abc""","""def"""
5900,"""abc""","""def"""
5901,"""abc""","""def"""
5944,"""abc""","""def"""
5945,"""abc""","""def"""
5946,"""abc""","""def"""
5947,"""abc""","""def"""
5948,"""abc""","""def"""
5949,"""abc""","""def"""
5950,"""abc""","""def"""
5993,"""abc""","""def"""
5994,"""abc""","""def"""
5995,"""abc""","""def"""
5996,"""abc""","""def"""
5997,"""abc""","""def"""
5998,"""abc""","""def"""
5999,"""abc""","""def"""
6000,"""abc""","""def"""
6001,"""abc""","""def"""
6002,"""abc""","""def"""
6003,"""abc""","""def"""
6004,"""abc""","""def"""
6005,"""abc""","""def"""
6006,"""abc""","""def"""
6007,"""abc""","""def"""
6008,"""abc""","""def"""
6009,"""abc""","""def"""
6010,"""abc""","""def"""
6011,"""abc""","""def"""
6012,"""abc""","""def"""
6013,"""abc""","""def"""
6014,"""abc""","""def"""
6015,"""abc""","""def"""
6016,"""abc""","""def"""
6017,"""abc""","""def"""
6018,"""abc""","""def"""
6019,"""abc""","""def"""
6020,"""abc""","""def"""
6021,"""abc""","""def"""
6022,"""abc""","""def"""
6023,"""abc""","""def"""
6024,"""abc""","""def"""
6025,"""abc""","""def"""
6026,"""abc""","""def"""
6027,"""abc""","""def"""
6028,"""abc""","""def"""
6029,"""abc""","""def"""
6030,"""abc""","""def"""
6031,"""abc""","""def"""
6032,"""abc""","""def"""
6033,"""abc""","""def"""
6034,"""abc""","""def"""
6035,"""abc""","""def"""
6036,"""abc""","""def"""
6037,"""abc""","""def"""
6038,"""abc""","""def"""
6039,"""abc""","""def"""
6040,"""abc""","""def"""
6041,"""abc""","""def"""
6042,"""abc""","""def"""
6043,"""abc""","""def"""
6044,"""abc""","""def"""
6045,"""abc""","""def"""
6046,"""abc""","""def"""
6047,"""abc""","""def"""
6048,"""abc""","""def"""
6063,"""abc""","""def"""
6064,"""abc""","""def"""
6065,"""abc""","""def"""
6066,"""abc""","""def"""
6067,"""abc""","""def"""
6068,"""abc""","""def"""
6069,"""abc""","""def"""
6077,"""abc""","""def"""
6078,"""abc""","""def"""
6079,"""abc""","""def"""
6080,"""abc""","""def"""
6081,"""abc""","""def"""
6082,"""abc""","""def"""
6083,"""abc""","""def"""
6084,"""abc""","""def"""
6085,"""abc""","""def"""
6086,"""abc""","""def"""
6087,"""abc""","""def"""
6088,"""abc""","""def"""
6089,"""abc""","""def"""
6090,"""abc""","""def"""
6126,"""abc""","""def"""
6127,"""abc""","""def"""
6128,"""abc""","""def"""
6129,"""abc""","""def"""
6130,"""abc""","""def"""
6131,"""abc""","""def"""
6132,"""abc""","""def"""
6133,"""abc""","""def"""
6134,"""abc""","""def"""
6135,"""abc""","""def"""
6136,"""abc""","""def"""
6137,"""abc""","""def"""
6138,"""abc""","""def"""
6139,"""abc""","""def"""
6168,"""abc""","""def"""
6169,"""abc""","""def"""
6170,"""abc""","""def"""
6171,"""abc""","""def"""
6172,"""abc""","""def"""
6173,"""abc""","""def"""
6174,"""abc""","""def"""
6175,"""abc""","""def"""
6176,"""abc""","""def"""
6177,"""abc""","""def"""
6178,"""abc""","""def"""
6179,"""abc""","""def"""
6180,"""abc""","""def"""
6181,"""abc""","""def"""
6182,"""abc""","""def"""
6183,"""abc""","""def"""
6184,"""abc""","""def"""
6185,"""abc""","""def"""
6186,"""abc""","""def"""
6187,"""abc""","""def"""
6188,"""abc""","""def"""
6196,"""abc""","""def"""
6197,"""abc""","""def"""
6198,"""abc""","""def"""
6199,"""abc""","""def"""
6200,"""abc""","""def"""
6201,"""abc""","""def"""
6202,"""abc""","""def"""
6217,"""abc""","""def"""
6218,"""abc""","""def"""
6219,"""abc""","""def"""
6220,"""abc""","""def"""
6221,"""abc""","""def"""
6222,"""abc""","""def"""
6223,"""abc""","""def"""
6224,"""abc""","""def"""
6225,"""abc""","""def"""
6226,"""abc""","""def"""
6227,"""abc""","""def"""
6228,"""abc""","""def"""
6229,"""abc""","""def"""
6230,"""abc""","""def"""
6259,"""abc""","""def"""
6260,"""abc""","""def"""
6261,"""abc""","""def"""
6262,"""abc""","""def"""
6263,"""abc""","""def"""
6264,"""abc""","""def"""
6265,"""abc""","""def"""
6266,"""abc""","""def"""
6267,"""abc""","""def"""
6268,"""abc""","""def"""
6269,"""abc""","""def"""
6270,"""abc""","""def"""
6271,"""abc""","""def"""
6272,"""abc""","""def"""
6301,"""abc""","""def"""
6302,"""abc""","""def"""
6303,"""abc""","""def"""
6304,"""abc""","""def"""
6305,"""abc""","""def"""
6306,"""abc""","""def"""
6307,"""abc""","""def"""
6329,"""abc""","""def"""
6330,"""abc""","""def"""
6331,"""abc""","""def"""
6332,"""abc""","""def"""
6333,"""abc""","""def"""
6334,"""abc""","""def"""
6335,"""abc""","""def"""
6350,"""abc""","""def"""
6351,"""abc""","""def"""
6352,"""abc""","""def"""
6353,"""abc""","""def"""
6354,"""abc""","""def"""
6355,"""abc""","""def"""
6356,"""abc""","""def"""
6357,"""abc""","""def"""
6358,"""abc""","""def"""
6359,"""abc""","""def"""
6360,"""abc""","""def"""
6361,"""abc""","""def"""
6362,"""abc""","""def"""
6363,"""abc""","""def"""
6399,"""abc""","""def"""
6400,"""abc""","""def"""
6401,"""abc""","""def"""
6402,"""abc""","""def"""
6403,"""abc""","""def"""
6404,"""abc""","""def"""
6405,"""abc""","""def"""
6406,"""abc""","""def"""
6407,"""abc""","""def"""
6408,"""abc""","""def"""
6409,"""abc""","""def"""
6410,"""abc""","""def"""
6411,"""abc""","""def"""
6412,"""abc""","""def"""
6427,"""abc""","""def"""
6428,"""abc""","""def"""
6429,"""abc""","""def"""
6430,"""abc""","""def"""
6431,"""abc""","""def"""
6432,"""abc""","""def"""
6433,"""abc""","""def"""
6434,"""abc""","""def"""
6435,"""abc""","""def"""
6436,"""abc""","""def"""
6437,"""abc""","""def"""
6438,"""abc""","""def"""
6439,"""abc""","""def"""
6440,"""abc""","""def"""
6448,"""abc""","""def"""
6449,"""abc""","""def"""
6450,"""abc""","""def"""
6451,"""abc""","""def"""
6452,"""abc""","""def"""
6453,"""abc""","""def"""
6454,"""abc""","""def"""
6469,"""abc""","""def"""
6470,"""abc""","""def"""
6471,"""abc""","""def"""
6472,"""abc""","""def"""
6473,"""abc""","""def"""
6474,"""abc""","""def"""
6475,"""abc""","""def"""
6511,"""abc""","""def"""
6512,"""abc""","""def"""
6513,"""abc""","""def"""
6514,"""abc""","""def"""
6515,"""abc""","""def"""
6516,"""abc""","""def"""
6517,"""abc""","""def"""
6518,"""abc""","""def"""
6519,"""abc""","""def"""
6520,"""abc""","""def"""
6521,"""abc""","""def"""
6522,"""abc""","""def"""
6523,"""abc""","""def"""
6524,"""abc""","""def"""
6525,"""abc""","""def"""
6526,"""abc""","""def"""
6527,"""abc""","""def"""
6528,"""abc""","""def"""
6529,"""abc""","""def"""
6530,"""abc""","""def"""
6531,"""abc""","""def"""
6546,"""abc""","""def"""
6547,"""abc""","""def"""
6548,"""abc""","""def"""
6549,"""abc""","""def"""
6550,"""abc""","""def"""
6551,"""abc""","""def"""
6552,"""abc""","""def"""
6560,"""abc""","""def"""
6561,"""abc""","""def"""
6562,"""abc""","""def"""
6563,"""abc""","""def"""
6564,"""abc""","""def"""
6565,"""abc""","""def"""
6566,"""abc""","""def"""
6581,"""abc""","""def"""
6582,"""abc""","""def"""
6583,"""abc""","""def"""
6584,"""abc""","""def"""
6585,"""abc""","""def"""
6586,"""abc""","""def"""
6587,"""abc""","""def"""
6609,"""abc""","""def"""
6610,"""abc""","""def"""
6611,"""abc""","""def"""
6612,"""abc""","""def"""
6613,"""abc""","""def"""
6614,"""abc""","""def"""
6615,"""abc""","""def"""
6637,"""abc""","""def"""
6638,"""abc""","""def"""
6639,"""abc""","""def"""
6640,"""abc""","""def"""
6641,"""abc""","""def"""
6642,"""abc""","""def"""
6643,"""abc""","""def"""
6672,"""abc""","""def"""
6673,"""abc""","""def"""
6674,"""abc""","""def"""
6675,"""abc""","""def"""
6676,"""abc""","""def"""
6677,"""abc""","""def"""
6678,"""abc""","""def"""
6686,"""abc""","""def"""
6687,"""abc""","""def"""
6688,"""abc""","""def"""
6689,"""abc""","""def"""
6690,"""abc""","""def"""
6691,"""abc""","""def"""
6692,"""abc""","""def"""
6777,"""abc""","""def"""
6778,"""abc""","""def"""
6779,"""abc""","""def"""
6780,"""abc""","""def"""
6781,"""abc""","""def"""
6782,"""abc""","""def"""
6783,"""abc""","""def"""
6791,"""abc""","""def"""
6792,"""abc""","""def"""
6793,"""abc""","""def"""
6794,"""abc""","""def"""
6795,"""abc""","""def"""
6796,"""abc""","""def"""
6797,"""abc""","""def"""
6833,"""abc""","""def"""
6834,"""abc""","""def"""
6835,"""abc""","""def"""
6836,"""abc""","""def"""
6837,"""abc""","""def"""
6838,"""abc""","""def"""
6839,"""abc""","""def"""
6875,"""abc""","""def"""
6876,"""abc""","""def"""
6877,"""abc""","""def"""
6878,"""abc""","""def"""
6879,"""abc""","""def"""
6880,"""abc""","""def"""
6881,"""abc""","""def"""
6959,"""abc""","""def"""
6960,"""abc""","""def"""
6961,"""abc""","""def"""
6962,"""abc""","""def"""
6963,"""abc""","""def"""
6964,"""abc""","""def"""
6965,"""abc""","""def"""
7057,"""abc""","""def"""
7058,"""abc""","""def"""
7059,"""abc""","""def"""
7060,"""abc""","""def"""
7061,"""abc""","""def"""
7062,"""abc""","""def"""
7063,"""abc""","""def"""
7078,"""abc""","""def"""
7079,"""abc""","""def"""
7080,"""abc""","""def"""
7081,"""abc""","""def"""
7082,"""abc""","""def"""
7083,"""abc""","""def"""
7084,"""abc""","""def"""
7092,"""abc""","""def"""
7093,"""abc""","""def"""
7094,"""abc""","""def"""
7095,"""abc""","""def"""
7096,"""abc""","""def"""
7097,"""abc""","""def"""
7098,"""abc""","""def"""
7148,"""abc""","""def"""
7149,"""abc""","""def"""
7150,"""abc""","""def"""
7151,"""abc""","""def"""
7152,"""abc""","""def"""
7153,"""abc""","""def"""
7154,"""abc""","""def"""
7162,"""abc""","""def"""
7163,"""abc""","""def"""
7164,"""abc""","""def"""
7165,"""abc""","""def"""
7166,"""abc""","""def"""
7167,"""abc""","""def"""
7168,"""abc""","""def"""
7260,"""abc""","""def"""
7261,"""abc""","""def"""
7262,"""abc""","""def"""
7263,"""abc""","""def"""
7264,"""abc""","""def"""
7265,"""abc""","""def"""
7266,"""abc""","""def"""
7274,"""abc""","""def"""
7275,"""abc""","""def"""
7276,"""abc""","""def"""
7277,"""abc""","""def"""
7278,"""abc""","""def"""
7279,"""abc""","""def"""
7280,"""abc""","""def"""
7281,"""abc""","""def"""
7282,"""abc""","""def"""
7283,"""abc""","""def"""
7284,"""abc""","""def"""
7285,"""abc""","""def"""
7286,"""abc""","""def"""
7287,"""abc""","""def"""
7288,"""abc""","""def"""
7289,"""abc""","""def"""
7290,"""abc""","""def"""
7291,"""abc""","""def"""
7292,"""abc""","""def"""
7293,"""abc""","""def"""
7294,"""abc""","""def"""
7309,"""abc""","""def"""
7310,"""abc""","""def"""
7311,"""abc""","""def"""
7312,"""abc""","""def"""
7313,"""abc""","""def"""
7314,"""abc""","""def"""
7315,"""abc""","""def"""
7351,"""abc""","""def"""
7352,"""abc""","""def"""
7353,"""abc""","""def"""
7354,"""abc""","""def"""
7355,"""abc""","""def"""
7356,"""abc""","""def"""
7357,"""abc""","""def"""
7435,"""abc""","""def"""
7436,"""abc""","""def"""
7437,"""abc""","""def"""
7438,"""abc""","""def"""
7439,"""abc""","""def"""
7440,"""abc""","""def"""
7441,"""abc""","""def"""
7463,"""abc""","""def"""
7464,"""abc""","""def"""
7465,"""abc""","""def"""
7466,"""abc""","""def"""
7467,"""abc""","""def"""
7468,"""abc""","""def"""
7469,"""abc""","""def"""
7582,"""abc""","""def"""
7583,"""abc""","""def"""
7584,"""abc""","""def"""
7585,"""abc""","""def"""
7586,"""abc""","""def"""
7587,"""abc""","""def"""
7588,"""abc""","""def"""
7603,"""abc""","""def"""
7604,"""abc""","""def"""
7605,"""abc""","""def"""
7606,"""abc""","""def"""
7607,"""abc""","""def"""
7608,"""abc""","""def"""
7609,"""abc""","""def"""
7652,"""abc""","""def"""
7653,"""abc""","""def"""
7654,"""abc""","""def"""
7655,"""abc""","""def"""
7656,"""abc""","""def"""
7657,"""abc""","""def"""
7658,"""abc""","""def"""
7666,"""abc""","""def"""
7667,"""abc""","""def"""
7668,"""abc""","""def"""
7669,"""abc""","""def"""
7670,"""abc""","""def"""
7671,"""abc""","""def"""
7672,"""abc""","""def"""
7680,"""abc""","""def"""
7681,"""abc""","""def"""
7682,"""abc""","""def"""
7683,"""abc""","""def"""
7684,"""abc""","""def"""
7685,"""abc""","""def"""
7686,"""abc""","""def"""
7743,"""abc""","""def"""
7744,"""abc""","""def"""
7745,"""abc""","""def"""
7746,"""abc""","""def"""
7747,"""abc""","""def"""
7748,"""abc""","""def"""
7749,"""abc""","""def"""
7757,"""abc""","""def"""
7758,"""abc""","""def"""
7759,"""abc""","""def"""
7760,"""abc""","""def"""
7761,"""abc""","""def"""
7762,"""abc""","""def"""
7763,"""abc""","""def"""
7771,"""abc""","""def"""
7772,"""abc""","""def"""
7773,"""abc""","""def"""
7774,"""abc""","""def"""
7775,"""abc""","""def"""
7776,"""abc""","""def"""
7777,"""abc""","""def"""
7778,"""abc""","""def"""
7779,"""abc""","""def"""
7780,"""abc""","""def"""
7781,"""abc""","""def"""
7782,"""abc""","""def"""
7783,"""abc""","""def"""
7784,"""abc""","""def"""
7813,"""abc""","""def"""
7814,"""abc""","""def"""
7815,"""abc""","""def"""
7816,"""abc""","""def"""
7817,"""abc""","""def"""
7818,"""abc""","""def"""
7819,"""abc""","""def"""
7876,"""abc""","""def"""
7877,"""abc""","""def"""
7878,"""abc""","""def"""
7879,"""abc""","""def"""
7880,"""abc""","""def"""
7881,"""abc""","""def"""
7882,"""abc""","""def"""
7911,"""abc""","""def"""
7912,"""abc""","""def"""
7913,"""abc""","""def"""
7914,"""abc""","""def"""
7915,"""abc""","""def"""
7916,"""abc""","""def"""
7917,"""abc""","""def"""
7939,"""abc""","""def"""
7940,"""abc""","""def"""
7941,"""abc""","""def"""
7942,"""abc""","""def"""
7943,"""abc""","""def"""
7944,"""abc""","""def"""
7945,"""abc""","""def"""
7960,"""abc""","""def"""
7961,"""abc""","""def"""
7962,"""abc""","""def"""
7963,"""abc""","""def"""
7964,"""abc""","""def"""
7965,"""abc""","""def"""
7966,"""abc""","""def"""
7974,"""abc""","""def"""
7975,"""abc""","""def"""
7976,"""abc""","""def"""
7977,"""abc""","""def"""
7978,"""abc""","""def"""
7979,"""abc""","""def"""
7980,"""abc""","""def"""
7988,"""abc""","""def"""
7989,"""abc""","""def"""
7990,"""abc""","""def"""
7991,"""abc""","""def"""
7992,"""abc""","""def"""
7993,"""abc""","""def"""
7994,"""abc""","""def"""
8002,"""abc""","""def"""
8003,"""abc""","""def"""
8004,"""abc""","""def"""
8005,"""abc""","""def"""
8006,"""abc""","""def"""
8007,"""abc""","""def"""
8008,"""abc""","""def"""
8058,"""abc""","""def"""
8059,"""abc""","""def"""
8060,"""abc""","""def"""
8061,"""abc""","""def"""
8062,"""abc""","""def"""
8063,"""abc""","""def"""
8064,"""abc""","""def"""
8107,"""abc""","""def"""
8108,"""abc""","""def"""
8109,"""abc""","""def"""
8110,"""abc""","""def"""
8111,"""abc""","""def"""
8112,"""abc""","""def"""
8113,"""abc""","""def"""
8128,"""abc""","""def"""
8129,"""abc""","""def"""
8130,"""abc""","""def"""
8131,"""abc""","""def"""
8132,"""abc""","""def"""
8133,"""abc""","""def"""
8134,"""abc""","""def"""
8156,"""abc""","""def"""
8157,"""abc""","""def"""
8158,"""abc""","""def"""
8159,"""abc""","""def"""
8160,"""abc""","""def"""
8161,"""abc""","""def"""
8162,"""abc""","""def"""
8184,"""abc""","""def"""
8185,"""abc""","""def"""
8186,"""abc""","""def"""
8187,"""abc""","""def"""
8188,"""abc""","""def"""
8189,"""abc""","""def"""
8190,"""abc""","""def"""
8310,"""abc""","""def"""
8311,"""abc""","""def"""
8312,"""abc""","""def"""
8313,"""abc""","""def"""
8314,"""abc""","""def"""
8315,"""abc""","""def"""
8316,"""abc""","""def"""
8324,"""abc""","""def"""
8325,"""abc""","""def"""
8326,"""abc""","""def"""
8327,"""abc""","""def"""
8328,"""abc""","""def"""
8329,"""abc""","""def"""
8330,"""abc""","""def"""
8352,"""abc""","""def"""
8353,"""abc""","""def"""
8354,"""abc""","""def"""
8355,"""abc""","""def"""
8356,"""abc""","""def"""
8357,"""abc""","""def"""
8358,"""abc""","""def"""
8359,"""abc""","""def"""
8360,"""abc""","""def"""
8361,"""abc""","""def"""
8362,"""abc""","""def"""
8363,"""abc""","""def"""
8364,"""abc""","""def"""
8365,"""abc""","""def"""
8394,"""abc""","""def"""
8395,"""abc""","""def"""
8396,"""abc""","""def"""
8397,"""abc""","""def"""
8398,"""abc""","""def"""
8399,"""abc""","""def"""
8400,"""abc""","""def"""
8436,"""abc""","""def"""
8437,"""abc""","""def"""
8438,"""abc""","""def"""
8439,"""abc""","""def"""
8440,"""abc""","""def"""
8441,"""abc""","""def"""
8442,"""abc""","""def"""
8485,"""abc""","""def"""
8486,"""abc""","""def"""
8487,"""abc""","""def"""
8488,"""abc""","""def"""
8489,"""abc""","""def"""
8490,"""abc""","""def"""
8491,"""abc""","""def"""
8499,"""abc""","""def"""
8500,"""abc""","""def"""
8501,"""abc""","""def"""
8502,"""abc""","""def"""
8503,"""abc""","""def"""
8504,"""abc""","""def"""
8505,"""abc""","""def"""
8506,"""abc""","""def"""
8507,"""abc""","""def"""
8508,"""abc""","""def"""
8509,"""abc""","""def"""
8510,"""abc""","""def"""
8511,"""abc""","""def"""
8512,"""abc""","""def"""
8604,"""abc""","""def"""
8605,"""abc""","""def"""
8606,"""abc""","""def"""
8607,"""abc""","""def"""
8608,"""abc""","""def"""
8609,"""abc""","""def"""
8610,"""abc""","""def"""
8730,"""abc""","""def"""
8731,"""abc""","""def"""
8732,"""abc""","""def"""
8733,"""abc""","""def"""
8734,"""abc""","""def"""
8735,"""abc""","""def"""
8736,"""abc""","""def"""
8758,"""abc""","""def"""
8759,"""abc""","""def"""
8760,"""abc""","""def"""
8761,"""abc""","""def"""
8762,"""abc""","""def"""
8763,"""abc""","""def"""
8764,"""abc""","""def"""
8793,"""abc""","""def"""
8794,"""abc""","""def"""
8795,"""abc""","""def"""
8796,"""abc""","""def"""
8797,"""abc""","""def"""
8798,"""abc""","""def"""
8799,"""abc""","""def"""
8821,"""abc""","""def"""
8822,"""abc""","""def"""
8823,"""abc""","""def"""
8824,"""abc""","""def"""
8825,"""abc""","""def"""
8826,"""abc""","""def"""
8827,"""abc""","""def"""
8877,"""abc""","""def"""
8878,"""abc""","""def"""
8879,"""abc""","""def"""
8880,"""abc""","""def"""
8881,"""abc""","""def"""
8882,"""abc""","""def"""
8883,"""abc""","""def"""
8912,"""abc""","""def"""
8913,"""abc""","""def"""
8914,"""abc""","""def"""
8915,"""abc""","""def"""
8916,"""abc""","""def"""
8917,"""abc""","""def"""
8918,"""abc""","""def"""
9017,"""abc""","""def"""
9018,"""abc""","""def"""
9019,"""abc""","""def"""
9020,"""abc""","""def"""
9021,"""abc""","""def"""
9022,"""abc""","""def"""
9023,"""abc""","""def"""
9129,"""abc""","""def"""
9130,"""abc""","""def"""
9131,"""abc""","""def"""
9132,"""abc""","""def"""
9133,"""abc""","""def"""
9134,"""abc""","""def"""
9135,"""abc""","""def"""
9136,"""abc""","""def"""
9137,"""abc""","""def"""
9138,"""abc""","""def"""
9139,"""abc""","""def"""
9140,"""abc""","""def"""
9141,"""abc""","""def"""
9142,"""abc""","""def"""
9164,"""abc""","""def"""
9165,"""abc""","""def"""
9166,"""abc""","""def"""
9167,"""abc""","""def"""
9168,"""abc""","""def"""
9169,"""abc""","""def"""
9170,"""abc""","""def"""
9227,"""abc""","""def"""
9228,"""abc""","""def"""
9229,"""abc""","""def"""
9230,"""abc""","""def"""
9231,"""abc""","""def"""
9232,"""abc""","""def"""
9233,"""abc""","""def"""
9290,"""abc""","""def"""
9291,"""abc""","""def"""
9292,"""abc""","""def"""
9293,"""abc""","""def"""
9294,"""abc""","""def"""
9295,"""abc""","""def"""
9296,"""abc""","""def"""
9311,"""abc""","""def"""
9312,"""abc""","""def"""
9313,"""abc""","""def"""
9314,"""abc""","""def"""
9315,"""abc""","""def"""
9316,"""abc""","""def"""
9317,"""abc""","""def"""
9325,"""abc""","""def"""
9326,"""abc""","""def"""
9327,"""abc""","""def"""
9328,"""abc""","""def"""
9329,"""abc""","""def"""
9330,"""abc""","""def"""
9331,"""abc""","""def"""
9402,"""abc""","""def"""
9403,"""abc""","""def"""
9404,"""abc""","""def"""
9405,"""abc""","""def"""
9406,"""abc""","""def"""
9407,"""abc""","""def"""
9408,"""abc""","""def"""
9437,"""abc""","""def"""
9438,"""abc""","""def"""
9439,"""abc""","""def"""
9440,"""abc""","""def"""
9441,"""abc""","""def"""
9442,"""abc""","""def"""
9443,"""abc""","""def"""
9458,"""abc""","""def"""
9459,"""abc""","""def"""
9460,"""abc""","""def"""
9461,"""abc""","""def"""
9462,"""abc""","""def"""
9463,"""abc""","""def"""
9464,"""abc""","""def"""
9465,"""abc""","""def"""
9466,"""abc""","""def"""
9467,"""abc""","""def"""
9468,"""abc""","""def"""
9469,"""abc""","""def"""
9470,"""abc""","""def"""
9471,"""abc""","""def"""
9472,"""abc""","""def"""
9473,"""abc""","""def"""
9474,"""abc""","""def"""
9475,"""abc""","""def"""
9476,"""abc""","""def"""
9477,"""abc""","""def"""
9478,"""abc""","""def"""
9493,"""abc""","""def"""
9494,"""abc""","""def"""
9495,"""abc""","""def"""
9496,"""abc""","""def"""
9497,"""abc""","""def"""
9498,"""abc""","""def"""
9499,"""abc""","""def"""
9507,"""abc""","""def"""
9508,"""abc""","""def"""
9509,"""abc""","""def"""
9510,"""abc""","""def"""
9511,"""abc""","""def"""
9512,"""abc""","""def"""
9513,"""abc""","""def"""
9647,"""abc""","""def"""
9648,"""abc""","""def"""
9649,"""abc""","""def"""
9650,"""abc""","""def"""
9651,"""abc""","""def"""
9652,"""abc""","""def"""
9653,"""abc""","""def"""
9689,"""abc""","""def"""
9690,"""abc""","""def"""
9691,"""abc""","""def"""
9692,"""abc""","""def"""
9693,"""abc""","""def"""
9694,"""abc""","""def"""
9695,"""abc""","""def"""
9703,"""abc""","""def"""
9704,"""abc""","""def"""
9705,"""abc""","""def"""
9706,"""abc""","""def"""
9707,"""abc""","""def"""
9708,"""abc""","""def"""
9709,"""abc""","""def"""
9717,"""abc""","""def"""
9718,"""abc""","""def"""
9719,"""abc""","""def"""
9720,"""abc""","""def"""
9721,"""abc""","""def"""
9722,"""abc""","""def"""
9723,"""abc""","""def"""
9738,"""abc""","""def"""
9739,"""abc""","""def"""
9740,"""abc""","""def"""
9741,"""abc""","""def"""
9742,"""abc""","""def"""
9743,"""abc""","""def"""
9744,"""abc""","""def"""
9766,"""abc""","""def"""
9767,"""abc""","""def"""
9768,"""abc""","""def"""
9769,"""abc""","""def"""
9770,"""abc""","""def"""
9771,"""abc""","""def"""
9772,"""abc""","""def"""
9815,"""abc""","""def"""
9816,"""abc""","""def"""
9817,"""abc""","""def"""
9818,"""abc""","""def"""
9819,"""abc""","""def"""
9820,"""abc""","""def"""
9821,"""abc""","""def"""
9850,"""abc""","""def"""
9851,"""abc""","""def"""
9852,"""abc""","""def"""
9853,"""abc""","""def"""
9854,"""abc""","""def"""
9855,"""abc""","""def"""
9856,"""abc""","""def"""
